1,SAIMON,PERRO,HEMBRA,43322,A,43352,BIEN,
2,RENE,GATO,HEMBRA,43323,NA,43353,MUY BIEN,
3,RAMON,GATO,MACHO,43324,A,43354,MAL,
4,ROBERT,PERRO,HEMBRA,43325,A,43355,BIEN,
5,LOLO,GATO,MACHO,43326,A,43356,MAL,
6,APOLO,PERRO,MACHO,43327,A,43357,BIEN,
7,ALDO,GATO,HEMBRA,43328,NA,43358,MUY MAL,
8,BUSTER,GATO,MACHO,43329,NA,43359,MAL,
9,BENJA,GATO,MACHO,43330,NA,43360,MUY BIEN,
10,MANU,PERRO,MACHO,43331,A,43361,BIEN,
11,LUCIO,PERRO,HEMBRA,43332,A,43362,MAL,
12,OCTAVIO,GATO,MACHO,43333,A,43363,MAL,
13,MANU,PERRO,MACHO,43334,A,43364,MAL,
14,AURELIO,GATO,HEMBRA,43335,A,43365,BIEN,
15,OSCAR,PERRO,MACHO,43336,A,43366,MAL,
16,CIPER,PERRO,HEMBRA,43337,A,43367,MUY BIEN,
17,DARWIN,PERRO,MACHO,43338,A,43368,MUY MAL,
18,AERO,GATO,MACHO,43339,A,43369,MAL,
19,ALONSO,GATO,HEMBRA,43340,NA,43370,MAL,
20,LALO,PERRO,HEMBRA,43341,NA,43371,BIEN,
21,GEORGE,GATO,MACHO,43342,NA,43372,BIEN,
22,ADRIA,GATO,MACHO,43343,NA,43373,MAL ,
23,JORGE,PERRO,MACHO,43344,NA,43374,MAL,
24,RAFA,GATO,HEMBRA ,43345,A,43375,MAL,
25,BRANDO,PERRO,MACHO,43346,A,43376,BIEN,
26,ORIOL,GATO,MACHO,43347,A,43377,MUY MAL,
27,FELIX,GATO ,MACHO,43348,A,43378,MAL,
28,IKER,GATO ,HEMBRA,43349,NA,43379,MAL,
29,JACOBO,GATO,HEMBRA,43350,NA,43380,MAL,
30,MIKEL,GATO,MACHO,43351,NA,43381,MUY BIEN ,
31,BOCO,PERRO,HEMBRA,43352,NA,43382,MAL ,
32,ALEXANDER,PERRO,MACHO,43353,A,43383,MAL,
33,KIKO,PERRO,HEMBRA,43354,A,43384,MAL,
34,ALFIE,PERRO,MACHO,43355,A,43385,MAL,
35,MARIO,PERRO,MACHO,43356,A,43386,MAL,
36,ALFORD,GATO,HEMBRA,43357,A,43387,MUY BIEN ,
37,FERNANDO,PERRO,MACHO,43358,A,43388,MUY MAL,
38,ALI,PERRO,HEMBRA,43359,A,43389,BIEN,
39,AGUSTIN,GATO,MACHO,43360,A,43390,BIEN,
40,ALISTAR,PERRO,MACHO,43361,A,43391,MAL,
41,ELIAN,GATO,HEMBRA,43362,A,43392,MUY MAL,
42,ALVIN,GATO,MACHO,43363,A,43393,MUY BIEN,
43,BOOMER,PERRO,HEMBRA,43364,NA,43394,MAL,
44,AMOS,GATO ,HEMBRA,43365,NA,43395,MAL,
45,BOWIE,GATO,HEMBRA,43366,NA,43396,BIEN,
46,ANDRE,PERRO,MACHO,43367,NA,43397,BIEN,
47,BRADFORD,GATO,MACHO,43368,NA,43398,BIEN ,
48,ARISTEO,PERRO,MACHO,43369,NA,43399,MUY BIEN ,
49,BRADLEY,PERRO,MACHO,43370,NA,43400,MUY MAL,
50,ALM,GATO,MACHO,43371,NA,43401,MAL,
51,BRADY,PERRO,HEMBRA,43372,A,43402,MAL,
52,MATI,PERRO,MACHO,43373,A,43403,BIEN,
53,BRAXON,GATO,MACHO,43374,A,43404,MUY MAL,
54,CHARLIE,GATO,HEMBRA,43375,A,43405,BIEN ,
55,BROCK,PERRO,HEMBRA,43376,A,43406,MAL,
56,CHOCHO,GATO,MACHO,43377,A,43407,MAL,
57,BRIHAN,PERRO,MACHO,43378,NA,43408,MUY BIEN ,
58,LUCAS,GATO,MACHO,43379,NA,43409,MUY MAL,
59,BALU,GATO,MACHO,43380,NA,43410,MUY MAL,
60,SANTI,GATO,HEMBRA ,43381,NA,43411,MAL,
61,BROWNIE,PERRO,HEMBRA,43382,A,43412,MAL,
62,BETO,PERRO,HEMBRA,43383,A,43413,BIEN,
63,BRUCE,GATO,MACHO,43384,A,43414,BIEN,
64,XIMO,PERRO,HEMBRA,43385,A,43415,BIEN,
65,BRUTUS,GATO,MACHO,43386,A,43416,BIEN ,
66,BORJA,PERRO,MACHO,43387,A,43417,MUY MAL,
67,BRYCE,PERRO,HEMBRA,43388,NA,43418,BIEN,
68,ANDY,PERRO,MACHO,43389,NA,43419,MAL,
69,BUBA,GATO,MACHO,43390,NA,43420,MUY MAL,
70,ARISTEO,GATO,MACHO,43391,A,43421,MUY BIEN,
71,ARIS ,PERRO,HEMBRA,43392,A,43422,MAL,
72,BUCCKY,GATO,MACHO,43393,NA,43423,BIEN,
73,ANDREO,GATO,MACHO,43394,NA,43424,BIEN ,
74,AGUSTINO,PERRO,HEMBRA,43395,A,43425,MUY BIEN ,
75,ARTURO,GATO,MACHO,43396,A,43426,MUY BIEN ,
76,ADREI,PERRO,HEMBRA,43397,A,43427,MUY MAL,
77,ARCHIE,GATO,MACHO,43398,A,43428,MAL ,
78,RODOLFO,GATO ,MACHO,43399,A,43429,MAL ,
79,PEPE,GATO ,HEMBRA,43400,A,43430,BIEN ,
80,IMANOL,GATO,HEMBRA,43401,NA,43431,BIEN ,
81,ALMO,GATO,MACHO,43402,NA,43432,MAL,
82,ABEL,PERRO,MACHO,43403,A,43433,MAL,
83,ROMEO,PERRO,MACHO,43404,NA,43434,BIEN ,
84,ANDREU,PERRO,HEMBRA ,43405,NA,43435,BIEN ,
85,FELI ,PERRO,MACHO,43406,A,43436,BIEN ,
86,TRITAN,PERRO,MACHO,43407,A,43437,BIEN ,
87,ISAAC,GATO,MACHO,43408,NA,43438,MAL,
88,MARCO,PERRO,HEMBRA,43409,A,43439,MAL,
89,DEAN,PERRO,HEMBRA,43410,NA,43440,MAL,
90,DIDAC,GATO,MACHO,43411,A,43441,MUY BIEN ,
91,DINO,PERRO,HEMBRA,43412,A,43442,BIEN ,
92,JULY,GATO,MACHO,43413,NA,43443,BIEN ,
93,DIONISIO,GATO,HEMBRA,43414,A,43444,BIEN ,
94,ASIER,PERRO,MACHO,43415,NA,43445,MUY MAL,
95,DOROTEO,GATO ,MACHO,43416,NA,43446,MY BIEN ,
96,OLIVER,GATO,HEMBRA,43417,A,43447,MAL,
97,DAMIAN,PERRO,MACHO,43418,A,43448,BIEN ,
98,LUCO,GATO,HEMBRA,43419,A,43449,BIEN ,
99,NICO,PERRO,MACHO,43420,NA,43450,MAL ,
100,GUNNAR,PERRO,MACHO,43421,A,43451,MUY BIEN ,
101,NESTOR,GATO,HEMBRA,43422,NA,43452,MUY BIEN ,
102,LUCKY,PERRO,MACHO,43423,NA,43453,BIEN,
103,GABRIEL,PERRO,HEMBRA,43424,A,43454,MUY BIEN,
104,SOLO,GATO,HEMBRA,43425,A,43455,MAL,
105,LORCA,GATO,HEMBRA,43426,A,43456,BIEN,
106,SATO,PERRO,MACHO,43427,NA,43457,MAL,
107,HARLEY,GATO,MACHO,43428,NA,43458,BIEN,
108,GODJA,PERRO,MACHO,43429,A,43459,MUY MAL,
109,BARTOLO,GATO,MACHO,43430,A,43460,MAL,
110,AUSTIN,GATO,MACHO,43431,A,43461,MUY BIEN,
111,AHARÓN,GATO,HEMBRA,43432,A,43462,BIEN,
112,AXEL,PERRO,MACHO,43433,A,43463,MAL,
113,ABEL,PERRO,MACHO,43434,A,43464,MAL,
114,BAILEY,GATO,HEMBRA,43435,A,43465,MAL,
115,ABELARDO,PERRO,HEMBRA,43436,NA,43466,BIEN,
116,BRANDY ,GATO,MACHO,43437,NA,43467,MAL,
117,ABIGAL,PERRO,MACHO,43438,A,43468,MUY BIEN,
118,MAX,PERRO,MACHO,43439,A,43469,MUY MAL,
119,ABRAHAM,PERRO,MACHO,43440,A,43470,MAL,
120,COOPER,GATO,HEMBRA ,43441,A,43471,MAL,
121,ABSALON,GATO,HEMBRA,43442,A,43472,BIEN,
122,LINDO,PERRO,HEMBRA,43443,A,43473,BIEN,
123,ADALBERTO,GATO,MACHO,43444,NA,43474,MAL ,
124,LILO,GATO,HEMBRA,43445,NA,43475,MAL,
125,ADINO,PERRO,MACHO,43446,NA,43476,MAL,
126,BRUDDY,GATO,MACHO,43447,A,43477,BIEN,
127,ADELARDO,PERRO,HEMBRA,43448,NA,43478,MUY MAL,
128,AMI,GATO,MACHO,43449,NA,43479,MAL,
129,ADULFO,GATO ,MACHO,43450,NA,43480,MAL,
130,ROCKY,GATO ,MACHO,43451,NA,43481,MAL,
131,ADOLFO,GATO,HEMBRA,43452,A,43482,MUY BIEN ,
132,OSO,GATO,MACHO,43453,A,43483,MAL ,
133,ADONIS,PERRO,MACHO,43454,A,43484,MAL,
134,NEAR,PERRO,HEMBRA,43455,A,43485,MAL,
135,ADRIAN,PERRO,MACHO,43456,A,43486,MAL,
136,BEAR,PERRO,HEMBRA,43457,A,43487,MAL,
137,JACK,PERRO,MACHO,43458,A,43488,MUY BIEN ,
138,ADRIANO,GATO,MACHO,43459,NA,43489,MUY MAL,
139,OLIVER,PERRO,HEMBRA,43460,NA,43490,BIEN,
140,AGAMENON,PERRO,HEMBRA,43461,NA,43491,BIEN,
141,BOCHITO ,GATO,MACHO,43462,NA,43492,MAL,
142,BUTCH ,PERRO,MACHO,43463,NA,43493,MUY MAL,
143,TEDDY,GATO,MACHO,43464,NA,43494,MUY BIEN,
144,BUZZ,GATO,HEMBRA ,43465,A,43495,MAL,
145,BOOMER,PERRO,MACHO,43466,A,43496,MAL,
146,BYRON,GATO ,MACHO,43467,A,43497,BIEN,
147,LEO,GATO,MACHO,43468,A,43498,BIEN,
148,CANDENCE,PERRO,HEMBRA,43469,A,43499,BIEN ,
149,NACHI,GATO,HEMBRA,43470,A,43500,MUY BIEN ,
150,CESAR,PERRO,MACHO,43471,NA,43501,MUY MAL,
151,NACHO,PERRO,HEMBRA,43472,NA,43502,MAL,
152,CAIN ,GATO,MACHO,43473,A,43503,MAL,
153,SAMY,PERRO,HEMBRA,43474,A,43504,BIEN,
154,CHEER,PERRO,MACHO,43475,A,43505,MUY MAL,
155,JOSEBA,GATO,MACHO,43476,NA,43506,BIEN ,
156,CHESTER,GATO,HEMBRA,43477,A,43507,MAL,
157,CAYO,PERRO,MACHO,43478,NA,43508,MAL,
158,CASH,GATO,HEMBRA,43479,A,43509,MUY BIEN ,
159,CAYITO,PERRO,MACHO,43480,NA,43510,MUY MAL,
160,CASPER,GATO,MACHO,43481,NA,43511,MUY MAL,
161,CAYETANO,GATO,HEMBRA,43482,NA,43512,MAL,
162,HANERY,GATO,MACHO,43483,A,43513,MAL,
163,FIDEL,PERRO,HEMBRA,43484,A,43514,BIEN,
164,KODA,PERRO,HEMBRA,43485,A,43515,BIEN,
165,ANTON,GATO,HEMBRA,43486,A,43516,BIEN,
166,KJACKSON,PERRO,MACHO,43487,A,43517,BIEN ,
167,GOYO,GATO,MACHO,43488,NA,43518,MUY MAL,
168,RILEY,PERRO,MACHO,43489,A,43519,BIEN,
169,GOYITO,PERRO,MACHO,43490,A,43520,MAL,
170,ACE,PERRO,MACHO,43491,NA,43521,MUY MAL,
171,BARKLEY,GATO,HEMBRA,43492,NA,43522,MUY BIEN,
172,BARNIE,GATO,MACHO,43493,A,43523,MAL,
173,CHEWWY,PERRO,MACHO,43494,A,43524,BIEN,
174,BARON ,GATO,HEMBRA,43495,NA,43525,BIEN ,
175,BANDIT,GATO,HEMBRA,43496,NA,43526,MUY BIEN ,
176,BARRY,PERRO,MACHO,43497,A,43527,MUY BIEN ,
177,BAXTER,GATO,MACHO,43498,A,43528,MUY MAL,
178,SCOUT,PERRO,MACHO,43499,A,43529,MAL ,
179,CHECO,GATO,MACHO,43500,NA,43530,MAL ,
180,BASIL,GATO ,HEMBRA ,43501,NA,43531,BIEN ,
181,JONATHAN,GATO ,HEMBRA,43502,NA,43532,BIEN ,
182,RAUL,GATO,HEMBRA,43503,A,43533,MAL,
183,BEAN,GATO,MACHO,43504,A,43534,MAL,
184,BENNY,PERRO,HEMBRA,43505,A,43535,BIEN ,
185,KARIM,PERRO,MACHO,43506,A,43536,BIEN ,
186,BENSON ,PERRO,MACHO,43507,NA,43537,BIEN ,
187,BARULIO,PERRO,HEMBRA,43508,NA,43538,BIEN ,
188,BRAULIO,PERRO,MACHO,43509,NA,43539,MAL,
189,BENTLEY,GATO,MACHO,43510,NA,43540,MAL,
190,GERARD,PERRO,MACHO,43511,A,43541,MAL,
191,BERNARD,PERRO,HEMBRA,43512,A,43542,MUY BIEN ,
192,HERNAN,GATO,MACHO,43513,A,43543,BIEN ,
193,BILLY,PERRO,MACHO,43514,NA,43544,BIEN ,
194,CHENTE,GATO,HEMBRA,43515,NA,43545,BIEN ,
195,BEN,GATO,MACHO,43516,NA,43546,MUY MAL,
196,JAIRO,PERRO,HEMBRA,43517,NA,43547,MY BIEN ,
197,TOMAS,GATO ,MACHO,43518,NA,43548,MAL,
198,ERIK,GATO,MACHO,43519,A,43549,BIEN ,
199,MATIAS,PERRO,HEMBRA,43520,A,43550,BIEN ,
200,AGAPITO,GATO,HEMBRA,43521,NA,43551,MAL ,
201,KOLDO,PERRO,MACHO,43522,A,43552,MUY BIEN ,
202,AGAR,PERRO,MACHO,43523,A,43553,MUY BIEN ,
203,CLAUDIO,GATO,MACHO,43524,A,43554,BIEN,
204,AGUSTIN ,PERRO,HEMBRA ,43525,A,43555,MUY BIEN,
205,SAIMON,PERRO,MACHO,43526,NA,43556,MAL,
206,RENE,GATO,MACHO,43527,NA,43557,BIEN,
207,RAMON,GATO,MACHO,43528,NA,43558,MAL,
208,ROBERT,PERRO,HEMBRA,43529,A,43559,BIEN,
209,LOLO,GATO,HEMBRA,43530,A,43560,MUY MAL,
210,APOLO,PERRO,MACHO,43531,A,43561,MAL,
211,ALDO,GATO,HEMBRA,43532,A,43562,MUY BIEN,
212,BUSTER,GATO,MACHO,43533,A,43563,BIEN,
213,BENJA,GATO,HEMBRA,43534,A,43564,MAL,
214,MANU,PERRO,MACHO,43535,A,43565,MAL,
215,LUCIO,PERRO,MACHO,43536,A,43566,MAL,
216,OCTAVIO,GATO,HEMBRA,43537,A,43567,BIEN,
217,MANU,PERRO,MACHO,43538,NA,43568,MAL,
218,AURELIO,GATO,HEMBRA,43539,NA,43569,MUY BIEN,
219,OSCAR,PERRO,MACHO,43540,NA,43570,MUY MAL,
220,CIPER,PERRO,MACHO,43541,NA,43571,MAL,
221,DARWIN,PERRO,HEMBRA,43542,NA,43572,MAL,
222,AERO,GATO,MACHO,43543,A,43573,BIEN,
223,ALONSO,GATO,HEMBRA,43544,A,43574,BIEN,
224,LALO,PERRO,HEMBRA,43545,A,43575,MAL ,
225,GEORGE,GATO,HEMBRA,43546,A,43576,MAL,
226,ADRIA,GATO,MACHO,43547,NA,43577,MAL,
227,JORGE,PERRO,MACHO,43548,NA,43578,BIEN,
228,RAFA,GATO,MACHO,43549,NA,43579,MUY MAL,
229,BRANDO,PERRO,MACHO,43550,NA,43580,MAL,
230,ORIOL,GATO,MACHO,43551,A,43581,MAL,
231,FELIX,GATO ,HEMBRA,43552,A,43582,MAL,
232,IKER,GATO ,MACHO,43553,A,43583,MUY BIEN ,
233,JACOBO,GATO,MACHO,43554,A,43584,MAL ,
234,MIKEL,GATO,HEMBRA,43555,A,43585,MAL,
235,BOCO,PERRO,HEMBRA,43556,A,43586,MAL,
236,ALEXANDER,PERRO,MACHO,43557,A,43587,MAL,
237,KIKO,PERRO,MACHO,43558,A,43588,MAL,
238,ALFIE,PERRO,MACHO,43559,A,43589,MUY BIEN ,
239,MARIO,PERRO,MACHO,43560,A,43590,MUY MAL,
240,ALFORD,GATO,HEMBRA ,43561,A,43591,BIEN,
241,FERNANDO,PERRO,HEMBRA,43562,NA,43592,BIEN,
242,ALI,PERRO,HEMBRA,43563,NA,43593,MAL,
243,AGUSTIN,GATO,MACHO,43564,NA,43594,MUY MAL,
244,ALISTAR,PERRO,HEMBRA,43565,NA,43595,MUY BIEN,
245,ELIAN,GATO,MACHO,43566,NA,43596,MAL,
246,ALVIN,GATO,MACHO,43567,NA,43597,MAL,
247,BOOMER,PERRO,HEMBRA,43568,NA,43598,BIEN,
248,AMOS,GATO ,MACHO,43569,NA,43599,BIEN,
249,BOWIE,GATO,MACHO,43570,A,43600,BIEN ,
250,ANDRE,PERRO,MACHO,43571,A,43601,MUY BIEN ,
251,BRADFORD,GATO,HEMBRA,43572,A,43602,MUY MAL,
252,ARISTEO,PERRO,MACHO,43573,A,43603,MAL,
253,BRADLEY,PERRO,MACHO,43574,A,43604,MAL,
254,ALM,GATO,HEMBRA,43575,A,43605,BIEN,
255,BRADY,PERRO,MACHO,43576,NA,43606,MUY MAL,
256,MATI,PERRO,HEMBRA,43577,NA,43607,BIEN ,
257,BRAXON,GATO,MACHO,43578,NA,43608,MAL,
258,CHARLIE,GATO,MACHO,43579,NA,43609,MAL,
259,BROCK,PERRO,HEMBRA,43580,A,43610,MUY BIEN ,
260,CHOCHO,GATO,HEMBRA,43581,A,43611,MUY MAL,
261,BRIHAN,PERRO,MACHO,43582,A,43612,MUY MAL,
262,LUCAS,GATO,MACHO,43583,A,43613,MAL,
263,BALU,GATO,MACHO,43584,A,43614,MAL,
264,SANTI,GATO,HEMBRA ,43585,A,43615,BIEN,
265,BROWNIE,PERRO,MACHO,43586,NA,43616,BIEN,
266,BETO,PERRO,MACHO,43587,NA,43617,BIEN,
267,BRUCE,GATO,MACHO,43588,NA,43618,BIEN ,
268,XIMO,PERRO,HEMBRA,43589,A,43619,MUY MAL,
269,BRUTUS,GATO,HEMBRA,43590,A,43620,BIEN,
270,BORJA,PERRO,MACHO,43591,NA,43621,MAL,
271,BRYCE,PERRO,HEMBRA,43592,NA,43622,MUY MAL,
272,ANDY,PERRO,MACHO,43593,A,43623,MUY BIEN,
273,BUBA,GATO,HEMBRA,43594,A,43624,MAL,
274,ARISTEO,GATO,MACHO,43595,A,43625,BIEN,
275,ARIS ,PERRO,MACHO,43596,A,43626,BIEN ,
276,BUCCKY,GATO,HEMBRA,43597,A,43627,MUY BIEN ,
277,ANDREO,GATO,MACHO,43598,A,43628,MUY BIEN ,
278,AGUSTINO,PERRO,HEMBRA,43599,NA,43629,MUY MAL,
279,ARTURO,GATO,MACHO,43600,NA,43630,MAL ,
280,ADREI,PERRO,MACHO,43601,A,43631,MAL ,
281,ARCHIE,GATO,HEMBRA,43602,NA,43632,BIEN ,
282,RODOLFO,GATO ,MACHO,43603,NA,43633,BIEN ,
283,PEPE,GATO ,HEMBRA,43604,A,43634,MAL,
284,IMANOL,GATO,HEMBRA,43605,A,43635,MAL,
285,ALMO,GATO,HEMBRA,43606,NA,43636,BIEN ,
286,ABEL,PERRO,MACHO,43607,A,43637,BIEN ,
287,ROMEO,PERRO,MACHO,43608,NA,43638,BIEN ,
288,ANDREU,PERRO,MACHO,43609,A,43639,BIEN ,
289,FELI ,PERRO,MACHO,43610,A,43640,MAL,
290,TRITAN,PERRO,MACHO,43611,NA,43641,MAL,
291,ISAAC,GATO,HEMBRA,43612,A,43642,MAL,
292,MARCO,PERRO,MACHO,43613,NA,43643,MUY BIEN ,
293,DEAN,PERRO,MACHO,43614,NA,43644,BIEN ,
294,DIDAC,GATO,HEMBRA,43615,A,43645,BIEN ,
295,DINO,PERRO,HEMBRA,43616,A,43646,BIEN ,
296,JULY,GATO,MACHO,43617,A,43647,MUY MAL,
297,DIONISIO,GATO,MACHO,43618,NA,43648,MY BIEN ,
298,ASIER,PERRO,MACHO,43619,A,43649,MAL,
299,DOROTEO,GATO ,MACHO,43620,NA,43650,BIEN ,
300,OLIVER,GATO,HEMBRA ,43621,NA,43651,BIEN ,
301,DAMIAN,PERRO,HEMBRA,43622,A,43652,MAL ,
302,LUCO,GATO,HEMBRA,43623,A,43653,MUY BIEN ,
303,NICO,PERRO,MACHO,43624,A,43654,MUY BIEN ,
304,GUNNAR,PERRO,HEMBRA,43625,NA,43655,MUY BIEN ,
305,NESTOR,GATO,MACHO,43626,NA,43656,MUY MAL,
306,LUCKY,PERRO,MACHO,43627,A,43657,MUY MAL,
307,GABRIEL,PERRO,HEMBRA,43628,A,43658,MAL,
308,SOLO,GATO,MACHO,43629,A,43659,MAL,
309,LORCA,GATO,MACHO,43630,A,43660,BIEN,
310,SATO,PERRO,MACHO,43631,A,43661,BIEN,
311,HARLEY,GATO,HEMBRA,43632,A,43662,BIEN,
312,GODJA,PERRO,MACHO,43633,A,43663,BIEN ,
313,BARTOLO,GATO,MACHO,43634,NA,43664,MUY MAL,
314,AUSTIN,GATO,HEMBRA,43635,NA,43665,BIEN,
315,AHARÓN,GATO,MACHO,43636,A,43666,MAL,
316,AXEL,PERRO,HEMBRA,43637,A,43667,MUY MAL,
317,ABEL,PERRO,MACHO,43638,A,43668,MUY BIEN,
318,BAILEY,GATO,MACHO,43639,A,43669,MAL,
319,ABELARDO,PERRO,HEMBRA,43640,A,43670,BIEN,
320,BRANDY ,GATO,HEMBRA,43641,A,43671,BIEN ,
321,ABIGAL,PERRO,MACHO,43642,NA,43672,MUY BIEN ,
322,MAX,PERRO,MACHO,43643,NA,43673,MUY BIEN ,
323,ABRAHAM,PERRO,MACHO,43644,NA,43674,MUY MAL,
324,COOPER,GATO,HEMBRA ,43645,A,43675,MAL ,
325,ABSALON,GATO,MACHO,43646,NA,43676,MAL ,
326,LINDO,PERRO,MACHO,43647,NA,43677,BIEN ,
327,ADALBERTO,GATO,MACHO,43648,NA,43678,BIEN ,
328,LILO,GATO,HEMBRA,43649,NA,43679,MAL,
329,ADINO,PERRO,HEMBRA,43650,A,43680,MAL,
330,BRUDDY,GATO,MACHO,43651,A,43681,BIEN ,
331,ADELARDO,PERRO,HEMBRA,43652,A,43682,BIEN ,
332,AMI,GATO,MACHO,43653,A,43683,BIEN ,
333,ADULFO,GATO ,HEMBRA,43654,A,43684,BIEN ,
334,ROCKY,GATO ,MACHO,43655,A,43685,MAL,
335,ADOLFO,GATO,MACHO,43656,A,43686,MAL,
336,OSO,GATO,HEMBRA,43657,NA,43687,MAL,
337,ADONIS,PERRO,MACHO,43658,NA,43688,MUY BIEN ,
338,NEAR,PERRO,HEMBRA,43659,NA,43689,BIEN ,
339,ADRIAN,PERRO,MACHO,43660,NA,43690,BIEN ,
340,BEAR,PERRO,MACHO,43661,NA,43691,BIEN ,
341,JACK,PERRO,HEMBRA,43662,NA,43692,MUY MAL,
342,ADRIANO,GATO,MACHO,43663,A,43693,MY BIEN ,
343,OLIVER,PERRO,HEMBRA,43664,A,43694,MAL,
344,AGAMENON,PERRO,HEMBRA,43665,A,43695,BIEN ,
345,BOCHITO ,GATO,HEMBRA,43666,A,43696,BIEN ,
346,BUTCH ,PERRO,MACHO,43667,A,43697,MAL ,
347,TEDDY,GATO,MACHO,43668,A,43698,MUY BIEN ,
348,BUZZ,GATO,MACHO,43669,NA,43699,MUY BIEN ,
349,BOOMER,PERRO,MACHO,43670,NA,43700,MUY BIEN ,
350,BYRON,GATO ,MACHO,43671,A,43701,MUY MAL,
351,LEO,GATO,HEMBRA,43672,A,43702,MUY MAL,
352,CANDENCE,PERRO,MACHO,43673,A,43703,MAL,
353,NACHI,GATO,MACHO,43674,NA,43704,MAL,
354,CESAR,PERRO,HEMBRA,43675,A,43705,BIEN,
355,NACHO,PERRO,HEMBRA,43676,NA,43706,BIEN,
356,CAIN ,GATO,MACHO,43677,A,43707,BIEN,
357,SAMY,PERRO,MACHO,43678,NA,43708,BIEN ,
358,CHEER,PERRO,MACHO,43679,NA,43709,MUY MAL,
359,JOSEBA,GATO,MACHO,43680,NA,43710,BIEN,
360,CHESTER,GATO,HEMBRA ,43681,A,43711,MAL,
361,CAYO,PERRO,HEMBRA,43682,A,43712,MUY MAL,
362,CASH,GATO,HEMBRA,43683,A,43713,MUY BIEN,
363,CAYITO,PERRO,MACHO,43684,A,43714,MAL,
364,CASPER,GATO,HEMBRA,43685,A,43715,BIEN,
365,CAYETANO,GATO,MACHO,43686,NA,43716,BIEN ,
366,HANERY,GATO,MACHO,43687,A,43717,MUY BIEN ,
367,FIDEL,PERRO,HEMBRA,43688,A,43718,MUY BIEN ,
368,KODA,PERRO,MACHO,43689,NA,43719,MUY MAL,
369,ANTON,GATO,MACHO,43690,NA,43720,MAL ,
370,KJACKSON,PERRO,MACHO,43691,A,43721,MAL ,
371,GOYO,GATO,HEMBRA,43692,A,43722,BIEN ,
372,RILEY,PERRO,MACHO,43693,NA,43723,BIEN ,
373,GOYITO,PERRO,MACHO,43694,NA,43724,MAL,
374,ACE,PERRO,HEMBRA,43695,A,43725,MAL,
375,BARKLEY,GATO,MACHO,43696,A,43726,BIEN ,
376,BARNIE,GATO,HEMBRA,43697,A,43727,BIEN ,
377,CHEWWY,PERRO,MACHO,43698,NA,43728,BIEN ,
378,BARON ,GATO,MACHO,43699,NA,43729,BIEN ,
379,BANDIT,GATO,HEMBRA,43700,NA,43730,MAL,
380,BARRY,PERRO,HEMBRA,43701,A,43731,MAL,
381,BAXTER,GATO,MACHO,43702,A,43732,MAL,
382,SCOUT,PERRO,MACHO,43703,A,43733,MUY BIEN ,
383,CHECO,GATO,MACHO,43704,A,43734,BIEN ,
384,BASIL,GATO ,HEMBRA ,43705,NA,43735,BIEN ,
385,JONATHAN,GATO ,MACHO,43706,NA,43736,BIEN ,
386,RAUL,GATO,MACHO,43707,NA,43737,MUY MAL,
387,BEAN,GATO,MACHO,43708,NA,43738,MY BIEN ,
388,BENNY,PERRO,HEMBRA,43709,A,43739,MAL,
389,KARIM,PERRO,HEMBRA,43710,A,43740,BIEN ,
390,BENSON ,PERRO,MACHO,43711,A,43741,BIEN ,
391,BARULIO,PERRO,HEMBRA,43712,NA,43742,MAL ,
392,BRAULIO,PERRO,MACHO,43713,NA,43743,MUY BIEN ,
393,BENTLEY,GATO,HEMBRA,43714,NA,43744,MUY BIEN ,
394,GERARD,PERRO,MACHO,43715,NA,43745,MY BIEN ,
395,BERNARD,PERRO,MACHO,43716,NA,43746,MAL,
396,HERNAN,GATO,HEMBRA,43717,A,43747,BIEN ,
397,BILLY,PERRO,MACHO,43718,A,43748,BIEN ,
398,CHENTE,GATO,HEMBRA,43719,NA,43749,MAL ,
399,BEN,GATO,MACHO,43720,A,43750,MUY BIEN ,
400,JAIRO,PERRO,MACHO,43721,A,43751,MUY BIEN ,
401,TOMAS,GATO ,HEMBRA,43722,A,43752,MUY BIEN ,
402,ERIK,GATO,MACHO,43723,A,43753,MUY MAL,
403,MATIAS,PERRO,HEMBRA,43724,NA,43754,MUY MAL,
404,AGAPITO,GATO,HEMBRA,43725,NA,43755,MAL,
405,SAIMON,PERRO,HEMBRA,43726,NA,43756,MAL,
406,RENE,PERRO,MACHO,43727,A,43757,BIEN,
407,RAMON,GATO,MACHO,43728,A,43758,BIEN,
408,ROBERT,PERRO,MACHO,43729,A,43759,BIEN,
409,LOLO,PERRO,MACHO,43730,A,43760,BIEN ,
410,APOLO,GATO,MACHO,43731,A,43761,MUY MAL,
411,ALDO,GATO,HEMBRA,43732,A,43762,BIEN,
412,BUSTER,PERRO,MACHO,43733,A,43763,MAL,
413,BENJA,GATO,MACHO,43734,A,43764,MUY MAL,
414,MANU,PERRO,HEMBRA,43735,A,43765,MUY BIEN,
415,LUCIO,GATO,HEMBRA,43736,NA,43766,MAL,
416,OCTAVIO,GATO,MACHO,43737,NA,43767,BIEN,
417,MANU,GATO,MACHO,43738,NA,43768,BIEN ,
418,AURELIO,PERRO,MACHO,43739,NA,43769,MUY BIEN ,
419,OSCAR,PERRO,MACHO,43740,NA,43770,MUY BIEN ,
420,CIPER,GATO,HEMBRA ,43741,A,43771,MUY MAL,
421,DARWIN,PERRO,HEMBRA,43742,A,43772,MAL ,
422,AERO,GATO,HEMBRA,43743,A,43773,MAL ,
423,ALONSO,PERRO,MACHO,43744,A,43774,BIEN ,
424,LALO,PERRO,HEMBRA,43745,NA,43775,BIEN ,
425,GEORGE,PERRO,MACHO,43746,NA,43776,MAL,
426,ADRIA,GATO,MACHO,43747,NA,43777,MAL,
427,JORGE,GATO,HEMBRA,43748,NA,43778,BIEN ,
428,RAFA,PERRO,MACHO,43749,A,43779,BIEN ,
429,BRANDO,GATO,MACHO,43750,A,43780,BIEN ,
430,ORIOL,GATO,MACHO,43751,A,43781,BIEN ,
431,FELIX,PERRO,HEMBRA,43752,A,43782,MAL,
432,IKER,GATO,MACHO,43753,A,43783,MAL,
433,JACOBO,PERRO,MACHO,43754,A,43784,MAL,
434,MIKEL,GATO,HEMBRA,43755,A,43785,MUY BIEN ,
435,BOCO,GATO ,MACHO,43756,A,43786,BIEN ,
436,ALEXANDER,GATO ,HEMBRA,43757,A,43787,BIEN ,
437,KIKO,GATO,MACHO,43758,A,43788,BIEN ,
438,ALFIE,GATO,MACHO,43759,A,43789,MUY MAL,
439,MARIO,PERRO,HEMBRA,43760,NA,43790,MY BIEN ,
440,ALFORD,PERRO,HEMBRA,43761,NA,43791,MAL,
441,FERNANDO,PERRO,MACHO,43762,NA,43792,BIEN ,
442,ALI,PERRO,MACHO,43763,NA,43793,BIEN ,
443,AGUSTIN,PERRO,MACHO,43764,NA,43794,MAL ,
444,ALISTAR,GATO,HEMBRA ,43765,NA,43795,MUY BIEN ,
445,ELIAN,PERRO,MACHO,43766,NA,43796,MUY BIEN ,
446,ALVIN,PERRO,MACHO,43767,NA,43797,MUY BIEN ,
447,BOOMER,GATO,MACHO,43768,A,43798,MUY MAL,
448,AMOS,PERRO,HEMBRA,43769,A,43799,MUY MAL,
449,BOWIE,GATO,HEMBRA,43770,A,43800,MAL,
450,ANDRE,GATO,MACHO,43771,A,43801,MAL,
451,BRADFORD,PERRO,HEMBRA,43772,A,43802,BIEN,
452,ARISTEO,GATO ,MACHO,43773,A,43803,BIEN,
453,BRADLEY,GATO,HEMBRA,43774,NA,43804,BIEN,
454,ALM,PERRO,MACHO,43775,NA,43805,BIEN ,
455,BRADY,GATO,MACHO,43776,NA,43806,MUY MAL,
456,MATI,PERRO,HEMBRA,43777,NA,43807,BIEN,
457,BRAXON,PERRO,MACHO,43778,A,43808,MAL,
458,CHARLIE,GATO,HEMBRA,43779,A,43809,MUY MAL,
459,BROCK,PERRO,MACHO,43780,A,43810,MUY BIEN,
460,CHOCHO,PERRO,MACHO,43781,A,43811,MAL,
461,BRIHAN,GATO,HEMBRA,43782,A,43812,BIEN,
462,LUCAS,GATO,MACHO,43783,A,43813,BIEN ,
463,BALU,PERRO,HEMBRA,43784,NA,43814,MUY BIEN ,
464,SANTI,GATO,HEMBRA,43785,NA,43815,MUY BIEN ,
465,BROWNIE,PERRO,HEMBRA,43786,NA,43816,MUY MAL,
466,BETO,GATO,MACHO,43787,A,43817,MAL ,
467,BRUCE,GATO,MACHO,43788,A,43818,MAL ,
468,XIMO,GATO,MACHO,43789,NA,43819,BIEN ,
469,BRUTUS,PERRO,MACHO,43790,NA,43820,BIEN ,
470,BORJA,PERRO,MACHO,43791,A,43821,MAL,
471,BRYCE,GATO,HEMBRA,43792,A,43822,MAL,
472,ANDY,PERRO,MACHO,43793,A,43823,BIEN ,
473,BUBA,GATO,MACHO,43794,A,43824,BIEN ,
474,ARISTEO,PERRO,HEMBRA,43795,A,43825,BIEN ,
475,ARIS ,PERRO,HEMBRA,43796,A,43826,BIEN ,
476,BUCCKY,PERRO,MACHO,43797,NA,43827,MAL,
477,ANDREO,GATO,MACHO,43798,NA,43828,MAL,
478,AGUSTINO,GATO,MACHO,43799,A,43829,MAL,
479,ARTURO,PERRO,MACHO,43800,NA,43830,MUY BIEN ,
480,ADREI,GATO,HEMBRA ,43801,NA,43831,BIEN ,
481,ARCHIE,GATO,HEMBRA,43802,A,43832,BIEN ,
482,RODOLFO,PERRO,HEMBRA,43803,A,43833,BIEN ,
483,PEPE,GATO,MACHO,43804,NA,43834,MUY MAL,
484,IMANOL,PERRO,HEMBRA,43805,A,43835,MY BIEN ,
485,ALMO,GATO,MACHO,43806,NA,43836,MAL,
486,ABEL,GATO ,MACHO,43807,A,43837,BIEN ,
487,ROMEO,GATO ,HEMBRA,43808,A,43838,BIEN ,
488,ANDREU,GATO,MACHO,43809,NA,43839,MAL ,
489,FELI ,GATO,MACHO,43810,A,43840,MUY BIEN ,
490,TRITAN,PERRO,MACHO,43811,NA,43841,MUY BIEN ,
491,ISAAC,PERRO,HEMBRA,43812,NA,43842,MY BIEN ,
492,MARCO,PERRO,MACHO,43813,A,43843,MAL,
493,DEAN,PERRO,MACHO,43814,A,43844,BIEN ,
494,DIDAC,PERRO,HEMBRA,43815,A,43845,BIEN ,
495,DINO,GATO,MACHO,43816,NA,43846,MAL ,
496,JULY,PERRO,HEMBRA,43817,A,43847,MUY BIEN ,
497,DIONISIO,PERRO,MACHO,43818,NA,43848,MUY BIEN ,
498,ASIER,GATO,MACHO,43819,NA,43849,MUY BIEN ,
499,DOROTEO,PERRO,HEMBRA,43820,A,43850,MUY MAL,
500,OLIVER,GATO,HEMBRA,43821,A,43851,MUY MAL,
501,DAMIAN,GATO,MACHO,43822,A,43852,MAL,
502,LUCO,PERRO,MACHO,43823,NA,43853,MAL,
503,NICO,GATO ,MACHO,43824,NA,43854,BIEN,
504,GUNNAR,GATO,HEMBRA ,43825,A,43855,BIEN,
505,NESTOR,PERRO,MACHO,43826,A,43856,BIEN,
506,LUCKY,GATO,MACHO,43827,A,43857,BIEN ,
507,GABRIEL,PERRO,MACHO,43828,A,43858,MUY MAL,
508,SOLO,PERRO,HEMBRA,43829,A,43859,BIEN,
509,LORCA,GATO,HEMBRA,43830,A,43860,MAL,
510,SATO,PERRO,MACHO,43831,A,43861,MUY MAL,
511,HARLEY,PERRO,HEMBRA,43832,NA,43862,MUY BIEN,
512,GODJA,GATO,MACHO,43833,NA,43863,MAL,
513,BARTOLO,GATO,HEMBRA,43834,A,43864,BIEN,
514,AUSTIN,PERRO,MACHO,43835,A,43865,BIEN ,
515,AHARÓN,GATO,MACHO,43836,A,43866,MUY BIEN ,
516,AXEL,PERRO,HEMBRA,43837,A,43867,MUY BIEN ,
517,ABEL,GATO,MACHO,43838,A,43868,MUY MAL,
518,BAILEY,GATO,HEMBRA,43839,A,43869,MAL ,
519,ABELARDO,GATO,MACHO,43840,NA,43870,MAL ,
520,BRANDY ,PERRO,MACHO,43841,NA,43871,BIEN ,
521,ABIGAL,PERRO,HEMBRA,43842,NA,43872,BIEN ,
522,MAX,GATO,MACHO,43843,A,43873,MAL,
523,ABRAHAM,PERRO,HEMBRA,43844,NA,43874,MAL,
524,COOPER,GATO,HEMBRA,43845,NA,43875,BIEN ,
525,ABSALON,PERRO,HEMBRA,43846,NA,43876,BIEN ,
526,LINDO,PERRO,MACHO,43847,NA,43877,BIEN ,
527,ADALBERTO,PERRO,MACHO,43848,A,43878,BIEN ,
528,LILO,GATO,MACHO,43849,A,43879,MAL,
529,ADINO,GATO,MACHO,43850,A,43880,MAL,
530,BRUDDY,PERRO,MACHO,43851,A,43881,MAL,
531,ADELARDO,GATO,HEMBRA,43852,A,43882,MUY BIEN ,
532,AMI,GATO,MACHO,43853,A,43883,BIEN ,
533,ADULFO,PERRO,MACHO,43854,A,43884,BIEN ,
534,ROCKY,GATO,HEMBRA,43855,NA,43885,BIEN ,
535,ADOLFO,PERRO,HEMBRA,43856,NA,43886,MUY MAL,
536,OSO,GATO,MACHO,43857,NA,43887,MY BIEN ,
537,ADONIS,GATO ,MACHO,43858,NA,43888,MAL,
538,NEAR,GATO ,MACHO,43859,NA,43889,BIEN ,
539,ADRIAN,GATO,MACHO,43860,NA,43890,BIEN ,
540,BEAR,GATO,HEMBRA ,43861,A,43891,MAL ,
541,JACK,PERRO,HEMBRA,43862,A,43892,MUY BIEN ,
542,ADRIANO,PERRO,HEMBRA,43863,A,43893,MUY BIEN ,
543,OLIVER,PERRO,MACHO,43864,A,43894,MUY BIEN ,
544,AGAMENON,PERRO,HEMBRA,43865,A,43895,MUY MAL,
545,BOCHITO ,PERRO,MACHO,43866,A,43896,MUY MAL,
546,BUTCH ,GATO,MACHO,43867,NA,43897,MAL,
547,TEDDY,PERRO,HEMBRA,43868,NA,43898,MAL,
548,BUZZ,PERRO,MACHO,43869,A,43899,BIEN,
549,BOOMER,GATO,MACHO,43870,A,43900,BIEN,
550,BYRON,PERRO,MACHO,43871,A,43901,BIEN,
551,LEO,GATO,HEMBRA,43872,NA,43902,BIEN ,
552,CANDENCE,GATO,MACHO,43873,A,43903,MUY MAL,
553,NACHI,PERRO,MACHO,43874,NA,43904,BIEN,
554,CESAR,GATO ,HEMBRA,43875,A,43905,MAL,
555,NACHO,GATO,MACHO,43876,NA,43906,MUY MAL,
556,CAIN ,PERRO,HEMBRA,43877,NA,43907,MUY BIEN,
557,SAMY,GATO,MACHO,43878,NA,43908,MAL,
558,CHEER,PERRO,MACHO,43879,A,43909,BIEN,
559,JOSEBA,PERRO,HEMBRA,43880,A,43910,BIEN ,
560,CHESTER,GATO,HEMBRA,43881,A,43911,MUY BIEN ,
561,CAYO,PERRO,MACHO,43882,A,43912,MUY BIEN ,
562,CASH,PERRO,MACHO,43883,A,43913,MUY MAL,
563,CAYITO,GATO,MACHO,43884,NA,43914,MAL ,
564,CASPER,GATO,HEMBRA ,43885,A,43915,MAL ,
565,CAYETANO,PERRO,MACHO,43886,A,43916,BIEN ,
566,HANERY,GATO,MACHO,43887,NA,43917,BIEN ,
567,FIDEL,PERRO,MACHO,43888,NA,43918,MAL,
568,KODA,GATO,HEMBRA,43889,A,43919,MAL,
569,ANTON,GATO,HEMBRA,43890,A,43920,BIEN ,
570,KJACKSON,GATO,MACHO,43891,NA,43921,BIEN ,
571,GOYO,PERRO,HEMBRA,43892,NA,43922,BIEN ,
572,RILEY,PERRO,MACHO,43893,A,43923,BIEN ,
573,GOYITO,GATO,HEMBRA,43894,A,43924,MAL,
574,ACE,PERRO,MACHO,43895,A,43925,MAL,
575,BARKLEY,GATO,MACHO,43896,NA,43926,MAL,
576,BARNIE,PERRO,HEMBRA,43897,NA,43927,MUY BIEN ,
577,CHEWWY,PERRO,MACHO,43898,NA,43928,BIEN ,
578,BARON ,PERRO,HEMBRA,43899,A,43929,BIEN ,
579,BANDIT,GATO,MACHO,43900,A,43930,BIEN ,
580,BARRY,GATO,MACHO,43901,A,43931,MUY MAL,
581,BAXTER,PERRO,HEMBRA,43902,A,43932,MY BIEN ,
582,SCOUT,GATO,MACHO,43903,NA,43933,MAL,
583,CHECO,GATO,HEMBRA,43904,NA,43934,BIEN ,
584,BASIL,PERRO,HEMBRA,43905,NA,43935,BIEN ,
585,JONATHAN,GATO,HEMBRA,43906,NA,43936,MAL ,
586,RAUL,PERRO,MACHO,43907,A,43937,MUY BIEN ,
587,BEAN,GATO,MACHO,43908,A,43938,MUY BIEN ,
588,BENNY,GATO ,MACHO,43909,A,43939,MY BIEN ,
589,KARIM,GATO ,MACHO,43910,NA,43940,MAL,
590,BENSON ,GATO,MACHO,43911,NA,43941,BIEN ,
591,BARULIO,GATO,HEMBRA,43912,NA,43942,BIEN ,
592,BRAULIO,PERRO,MACHO,43913,NA,43943,MAL ,
593,BENTLEY,PERRO,MACHO,43914,NA,43944,MUY BIEN ,
594,GERARD,PERRO,HEMBRA,43915,A,43945,MUY BIEN ,
595,BERNARD,PERRO,HEMBRA,43916,A,43946,BIEN,
596,HERNAN,PERRO,MACHO,43917,NA,43947,MUY BIEN,
597,BILLY,GATO,MACHO,43918,A,43948,MAL,
598,CHENTE,PERRO,MACHO,43919,A,43949,BIEN,
599,BEN,PERRO,MACHO,43920,A,43950,MAL,
600,JAIRO,GATO,HEMBRA ,43921,A,43951,BIEN,
601,TOMAS,PERRO,HEMBRA,43922,NA,43952,MUY MAL,
602,ERIK,GATO,HEMBRA,43923,NA,43953,MAL,
603,MATIAS,GATO,MACHO,43924,NA,43954,MUY BIEN,
604,AGAPITO,PERRO,HEMBRA,43925,A,43955,BIEN,
605,SAIMON,GATO ,MACHO,43926,A,43956,MAL,
606,RENE,GATO,MACHO,43927,A,43957,MAL,
607,RAMON,PERRO,HEMBRA,43928,A,43958,MAL,
608,ROBERT,GATO,MACHO,43929,A,43959,BIEN,
609,LOLO,PERRO,MACHO,43930,A,43960,MAL,
610,APOLO,PERRO,MACHO,43931,A,43961,MUY BIEN,
611,ALDO,GATO,HEMBRA,43932,A,43962,MUY MAL,
612,BUSTER,PERRO,MACHO,43933,A,43963,MAL,
613,BENJA,PERRO,MACHO,43934,NA,43964,MAL,
614,MANU,GATO,HEMBRA,43935,NA,43965,BIEN,
615,LUCIO,GATO,MACHO,43936,NA,43966,BIEN,
616,OCTAVIO,PERRO,HEMBRA,43937,NA,43967,MAL ,
617,MANU,GATO,MACHO,43938,NA,43968,MAL,
618,AURELIO,PERRO,MACHO,43939,A,43969,MAL,
619,OSCAR,GATO,HEMBRA,43940,A,43970,BIEN,
620,CIPER,GATO,HEMBRA,43941,A,43971,MUY MAL,
621,DARWIN,GATO,MACHO,43942,A,43972,MAL,
622,AERO,PERRO,MACHO,43943,NA,43973,MAL,
623,ALONSO,PERRO,MACHO,43944,NA,43974,MAL,
624,LALO,GATO,HEMBRA ,43945,NA,43975,MUY BIEN ,
625,GEORGE,PERRO,MACHO,43946,NA,43976,MAL ,
626,ADRIA,GATO,MACHO,43947,A,43977,MAL,
627,JORGE,PERRO,MACHO,43948,A,43978,MAL,
628,RAFA,PERRO,HEMBRA,43949,A,43979,MAL,
629,BRANDO,PERRO,HEMBRA,43950,A,43980,MAL,
630,ORIOL,GATO,MACHO,43951,A,43981,MUY BIEN ,
631,FELIX,GATO,HEMBRA,43952,A,43982,MUY MAL,
632,IKER,PERRO,MACHO,43953,A,43983,BIEN,
633,JACOBO,GATO,HEMBRA,43954,A,43984,BIEN,
634,MIKEL,GATO,MACHO,43955,A,43985,MAL,
635,BOCO,PERRO,MACHO,43956,A,43986,MUY MAL,
636,ALEXANDER,GATO,HEMBRA,43957,A,43987,MUY BIEN,
637,KIKO,PERRO,MACHO,43958,NA,43988,MAL,
638,ALFIE,GATO,HEMBRA,43959,NA,43989,MAL,
639,MARIO,GATO ,MACHO,43960,NA,43990,BIEN,
640,ALFORD,GATO ,MACHO,43961,NA,43991,BIEN,
641,FERNANDO,GATO,HEMBRA,43962,NA,43992,BIEN ,
642,ALI,GATO,MACHO,43963,NA,43993,MUY BIEN ,
643,AGUSTIN,PERRO,HEMBRA,43964,NA,43994,MUY MAL,
644,ALISTAR,PERRO,HEMBRA,43965,NA,43995,MAL,
645,ELIAN,PERRO,HEMBRA,43966,A,43996,MAL,
646,ALVIN,PERRO,MACHO,43967,A,43997,BIEN,
647,BOOMER,PERRO,MACHO,43968,A,43998,MUY MAL,
648,AMOS,GATO,MACHO,43969,A,43999,BIEN ,
649,BOWIE,PERRO,MACHO,43970,A,44000,MAL,
650,ANDRE,PERRO,MACHO,43971,A,44001,MAL,
651,BRADFORD,GATO,HEMBRA,43972,NA,44002,MUY BIEN ,
652,ARISTEO,PERRO,MACHO,43973,NA,44003,MUY MAL,
653,BRADLEY,GATO,MACHO,43974,NA,44004,MUY MAL,
654,ALM,GATO,HEMBRA,43975,NA,44005,MAL,
655,BRADY,PERRO,HEMBRA,43976,A,44006,MAL,
656,MATI,GATO ,MACHO,43977,A,44007,BIEN,
657,BRAXON,GATO,MACHO,43978,A,44008,BIEN,
658,CHARLIE,PERRO,MACHO,43979,A,44009,BIEN,
659,BROCK,GATO,MACHO,43980,A,44010,BIEN ,
660,CHOCHO,PERRO,HEMBRA ,43981,A,44011,MUY MAL,
661,BRIHAN,PERRO,HEMBRA,43982,NA,44012,BIEN,
662,LUCAS,GATO,HEMBRA,43983,NA,44013,MAL,
663,BALU,PERRO,MACHO,43984,NA,44014,MUY MAL,
664,SANTI,PERRO,HEMBRA,43985,A,44015,MUY BIEN,
665,BROWNIE,GATO,MACHO,43986,A,44016,MAL,
666,BETO,GATO,MACHO,43987,NA,44017,BIEN,
667,BRUCE,PERRO,HEMBRA,43988,NA,44018,BIEN ,
668,XIMO,GATO,MACHO,43989,A,44019,MUY BIEN ,
669,BRUTUS,PERRO,MACHO,43990,A,44020,MUY BIEN ,
670,BORJA,GATO,MACHO,43991,A,44021,MUY MAL,
671,BRYCE,GATO,HEMBRA,43992,A,44022,MAL ,
672,ANDY,GATO,MACHO,43993,A,44023,MAL ,
673,BUBA,PERRO,MACHO,43994,A,44024,BIEN ,
674,ARISTEO,PERRO,HEMBRA,43995,NA,44025,BIEN ,
675,ARIS ,GATO,MACHO,43996,NA,44026,MAL,
676,BUCCKY,PERRO,HEMBRA,43997,A,44027,MAL,
677,ANDREO,GATO,MACHO,43998,NA,44028,BIEN ,
678,AGUSTINO,PERRO,MACHO,43999,NA,44029,BIEN ,
679,ARTURO,PERRO,HEMBRA,44000,A,44030,BIEN ,
680,ADREI,PERRO,HEMBRA,44001,A,44031,BIEN ,
681,ARCHIE,GATO,MACHO,44002,NA,44032,MAL,
682,RODOLFO,GATO,MACHO,44003,A,44033,MAL,
683,PEPE,PERRO,MACHO,44004,NA,44034,MAL,
684,IMANOL,GATO,HEMBRA ,44005,A,44035,MUY BIEN ,
685,ALMO,GATO,MACHO,44006,A,44036,BIEN ,
686,ABEL,PERRO,MACHO,44007,NA,44037,BIEN ,
687,ROMEO,GATO,MACHO,44008,A,44038,BIEN ,
688,ANDREU,PERRO,HEMBRA,44009,NA,44039,MUY MAL,
689,FELI ,GATO,HEMBRA,44010,NA,44040,MY BIEN ,
690,TRITAN,GATO ,MACHO,44011,A,44041,MAL,
691,ISAAC,GATO ,HEMBRA,44012,A,44042,BIEN ,
692,MARCO,GATO,MACHO,44013,A,44043,BIEN ,
693,DEAN,GATO,HEMBRA,44014,NA,44044,MAL ,
694,DIDAC,PERRO,MACHO,44015,A,44045,MUY BIEN ,
695,DINO,PERRO,MACHO,44016,NA,44046,MUY BIEN ,
696,JULY,PERRO,HEMBRA,44017,NA,44047,MUY BIEN ,
697,DIONISIO,PERRO,MACHO,44018,A,44048,MUY MAL,
698,ASIER,PERRO,HEMBRA,44019,A,44049,MUY MAL,
699,DOROTEO,GATO,MACHO,44020,A,44050,MAL,
700,OLIVER,PERRO,MACHO,44021,NA,44051,MAL,
701,DAMIAN,PERRO,HEMBRA,44022,NA,44052,BIEN,
702,LUCO,GATO,MACHO,44023,A,44053,BIEN,
703,NICO,PERRO,HEMBRA,44024,A,44054,BIEN,
704,GUNNAR,GATO,HEMBRA,44025,A,44055,BIEN ,
705,NESTOR,GATO,HEMBRA,44026,A,44056,MUY MAL,
706,LUCKY,PERRO,MACHO,44027,A,44057,BIEN,
707,GABRIEL,GATO ,MACHO,44028,A,44058,MAL,
708,SOLO,GATO,MACHO,44029,A,44059,MUY MAL,
709,LORCA,PERRO,MACHO,44030,NA,44060,MUY BIEN,
710,SATO,GATO,MACHO,44031,NA,44061,MAL,
711,HARLEY,PERRO,HEMBRA,44032,A,44062,BIEN,
712,GODJA,PERRO,MACHO,44033,A,44063,BIEN ,
713,BARTOLO,GATO,MACHO,44034,A,44064,MUY BIEN ,
714,AUSTIN,PERRO,HEMBRA,44035,A,44065,MUY BIEN ,
715,AHARÓN,PERRO,HEMBRA,44036,A,44066,MUY MAL,
716,AXEL,GATO,MACHO,44037,A,44067,MAL ,
717,ABEL,GATO,MACHO,44038,NA,44068,MAL ,
718,BAILEY,PERRO,MACHO,44039,NA,44069,BIEN ,
719,ABELARDO,GATO,MACHO,44040,NA,44070,BIEN ,
720,BRANDY ,PERRO,HEMBRA ,44041,A,44071,MAL,
721,ABIGAL,GATO,HEMBRA,44042,NA,44072,MAL,
722,MAX,GATO,HEMBRA,44043,NA,44073,BIEN ,
723,ABRAHAM,GATO,MACHO,44044,NA,44074,BIEN ,
724,COOPER,PERRO,HEMBRA,44045,NA,44075,BIEN ,
725,ABSALON,PERRO,MACHO,44046,A,44076,BIEN ,
726,LINDO,GATO,MACHO,44047,A,44077,MAL,
727,ADALBERTO,PERRO,HEMBRA,44048,A,44078,MAL,
728,LILO,GATO,MACHO,44049,A,44079,MAL,
729,ADINO,PERRO,MACHO,44050,A,44080,MUY BIEN ,
730,BRUDDY,PERRO,MACHO,44051,A,44081,BIEN ,
731,ADELARDO,PERRO,HEMBRA,44052,A,44082,BIEN ,
732,AMI,GATO,MACHO,44053,NA,44083,BIEN ,
733,ADULFO,GATO,MACHO,44054,NA,44084,MUY MAL,
734,ROCKY,PERRO,HEMBRA,44055,NA,44085,MY BIEN ,
735,ADOLFO,GATO,MACHO,44056,NA,44086,MAL,
736,OSO,GATO,HEMBRA,44057,NA,44087,BIEN ,
737,ADONIS,PERRO,MACHO,44058,NA,44088,BIEN ,
738,NEAR,GATO,MACHO,44059,A,44089,MAL ,
739,ADRIAN,PERRO,HEMBRA,44060,A,44090,MUY BIEN ,
740,BEAR,GATO,HEMBRA,44061,A,44091,MUY BIEN ,
741,JACK,GATO ,MACHO,44062,A,44092,MUY BIEN ,
742,ADRIANO,GATO ,MACHO,44063,A,44093,MUY MAL,
743,OLIVER,GATO,MACHO,44064,A,44094,MUY MAL,
744,AGAMENON,GATO,HEMBRA ,44065,NA,44095,MAL,
745,BOCHITO ,PERRO,MACHO,44066,NA,44096,MAL,
746,BUTCH ,PERRO,MACHO,44067,A,44097,BIEN,
747,TEDDY,PERRO,MACHO,44068,A,44098,BIEN,
748,BUZZ,PERRO,HEMBRA,44069,A,44099,BIEN,
749,BOOMER,PERRO,HEMBRA,44070,NA,44100,MY BIEN ,
750,BYRON,GATO,MACHO,44071,A,44101,MAL,
751,LEO,PERRO,HEMBRA,44072,NA,44102,BIEN ,
752,CANDENCE,PERRO,MACHO,44073,A,44103,BIEN ,
753,NACHI,GATO,HEMBRA,44074,NA,44104,MAL ,
754,CESAR,PERRO,MACHO,44075,NA,44105,MUY BIEN ,
755,NACHO,GATO,MACHO,44076,NA,44106,MUY BIEN ,
756,CAIN ,GATO,HEMBRA,44077,A,44107,BIEN,
757,SAMY,PERRO,MACHO,44078,A,44108,MUY BIEN,
758,CHEER,GATO ,HEMBRA,44079,A,44109,MAL,
759,JOSEBA,GATO,MACHO,44080,A,44110,BIEN,
760,CHESTER,PERRO,MACHO,44081,A,44111,MAL,
761,CAYO,GATO,HEMBRA,44082,NA,44112,BIEN,
762,CASH,PERRO,MACHO,44083,A,44113,MUY MAL,
763,CAYITO,PERRO,HEMBRA,44084,A,44114,MAL,
764,CASPER,GATO,HEMBRA,44085,NA,44115,MUY BIEN,
765,CAYETANO,PERRO,HEMBRA,44086,NA,44116,BIEN,
766,HANERY,PERRO,MACHO,44087,A,44117,MAL,
767,FIDEL,GATO,MACHO,44088,A,44118,MAL,
768,KODA,GATO,MACHO,44089,NA,44119,MAL,
769,ANTON,PERRO,MACHO,44090,NA,44120,BIEN,
770,KJACKSON,GATO,MACHO,44091,A,44121,MAL,
771,GOYO,PERRO,HEMBRA,44092,A,44122,MUY BIEN,
772,RILEY,GATO,MACHO,44093,A,44123,MUY MAL,
773,GOYITO,GATO,MACHO,44094,NA,44124,MAL,
774,ACE,GATO,HEMBRA,44095,NA,44125,MAL,
775,BARKLEY,PERRO,HEMBRA,44096,NA,44126,BIEN,
776,BARNIE,PERRO,MACHO,44097,A,44127,BIEN,
777,CHEWWY,GATO,MACHO,44098,A,44128,MAL ,
778,BARON ,PERRO,MACHO,44099,A,44129,MAL,
779,BANDIT,GATO,MACHO,44100,A,44130,MAL,
780,BARRY,PERRO,HEMBRA ,44101,NA,44131,BIEN,
781,BAXTER,PERRO,HEMBRA,44102,NA,44132,MUY MAL,
782,SCOUT,PERRO,HEMBRA,44103,NA,44133,MAL,
783,CHECO,GATO,MACHO,44104,NA,44134,MAL,
784,BASIL,GATO,HEMBRA,44105,A,44135,MAL,
785,JONATHAN,PERRO,MACHO,44106,A,44136,MUY BIEN ,
786,RAUL,GATO,MACHO,44107,A,44137,MAL ,
787,BEAN,GATO,HEMBRA,44108,NA,44138,MAL,
788,BENNY,PERRO,MACHO,44109,NA,44139,MAL,
789,KARIM,GATO,MACHO,44110,NA,44140,MAL,
790,BENSON ,PERRO,MACHO,44111,NA,44141,MAL,
791,BARULIO,GATO,HEMBRA,44112,NA,44142,MUY BIEN ,
792,BRAULIO,GATO ,MACHO,44113,A,44143,MUY MAL,
793,BENTLEY,GATO ,MACHO,44114,A,44144,BIEN,
794,GERARD,GATO,HEMBRA,44115,NA,44145,BIEN,
795,BERNARD,GATO,MACHO,44116,A,44146,MAL,
796,HERNAN,PERRO,HEMBRA,44117,A,44147,MUY MAL,
797,BILLY,PERRO,MACHO,44118,A,44148,MUY BIEN,
798,CHENTE,PERRO,MACHO,44119,A,44149,MAL,
799,BEN,PERRO,HEMBRA,44120,NA,44150,MAL,
800,JAIRO,PERRO,HEMBRA,44121,NA,44151,BIEN,
801,TOMAS,GATO,MACHO,44122,NA,44152,BIEN,
802,ERIK,PERRO,MACHO,44123,A,44153,BIEN ,
803,MATIAS,PERRO,MACHO,44124,A,44154,MUY BIEN ,
804,AGAPITO,GATO,HEMBRA ,44125,A,44155,MUY MAL,
805,SAIMON,PERRO,MACHO,44126,A,44156,MAL,
806,RENE,GATO,MACHO,44127,A,44157,MAL,
807,RAMON,GATO,MACHO,44128,A,44158,BIEN,
808,ROBERT,PERRO,HEMBRA,44129,A,44159,MUY MAL,
809,LOLO,GATO ,HEMBRA,44130,A,44160,BIEN ,
810,APOLO,GATO,MACHO,44131,A,44161,MAL,
811,ALDO,PERRO,HEMBRA,44132,NA,44162,MAL,
812,BUSTER,GATO,MACHO,44133,NA,44163,MUY BIEN ,
813,BENJA,PERRO,HEMBRA,44134,NA,44164,MUY MAL,
814,MANU,PERRO,MACHO,44135,NA,44165,MUY MAL,
815,LUCIO,GATO,MACHO,44136,NA,44166,MAL,
816,OCTAVIO,PERRO,HEMBRA,44137,A,44167,MAL,
817,MANU,PERRO,MACHO,44138,A,44168,BIEN,
818,AURELIO,GATO,HEMBRA,44139,A,44169,BIEN,
819,OSCAR,GATO,MACHO,44140,A,44170,BIEN,
820,CIPER,PERRO,MACHO,44141,NA,44171,BIEN ,
821,DARWIN,GATO,HEMBRA,44142,NA,44172,MUY MAL,
822,AERO,PERRO,MACHO,44143,NA,44173,BIEN,
823,ALONSO,GATO,HEMBRA,44144,NA,44174,MAL,
824,LALO,GATO,HEMBRA,44145,A,44175,MUY MAL,
825,GEORGE,GATO,HEMBRA,44146,A,44176,MUY BIEN,
826,ADRIA,PERRO,MACHO,44147,A,44177,MAL,
827,JORGE,PERRO,MACHO,44148,A,44178,BIEN,
828,RAFA,GATO,MACHO,44149,A,44179,BIEN ,
829,BRANDO,PERRO,MACHO,44150,A,44180,MUY BIEN ,
830,ORIOL,GATO,MACHO,44151,A,44181,MUY BIEN ,
831,FELIX,PERRO,HEMBRA,44152,A,44182,MUY MAL,
832,IKER,PERRO,MACHO,44153,A,44183,MAL ,
833,JACOBO,PERRO,MACHO,44154,A,44184,MAL ,
834,MIKEL,GATO,HEMBRA,44155,A,44185,BIEN ,
835,BOCO,GATO,HEMBRA,44156,NA,44186,BIEN ,
836,ALEXANDER,PERRO,MACHO,44157,NA,44187,MAL,
837,KIKO,GATO,MACHO,44158,NA,44188,MAL,
838,ALFIE,GATO,MACHO,44159,NA,44189,BIEN ,
839,MARIO,PERRO,MACHO,44160,NA,44190,BIEN ,
840,ALFORD,GATO,HEMBRA ,44161,NA,44191,BIEN ,
841,FERNANDO,PERRO,HEMBRA,44162,NA,44192,BIEN ,
842,ALI,GATO,HEMBRA,44163,NA,44193,MAL,
843,AGUSTIN,GATO ,MACHO,44164,A,44194,MAL,
844,ALISTAR,GATO ,HEMBRA,44165,A,44195,MAL,
845,ELIAN,GATO,MACHO,44166,A,44196,MUY BIEN ,
846,ALVIN,GATO,MACHO,44167,A,44197,BIEN ,
847,BOOMER,PERRO,HEMBRA,44168,A,44198,BIEN ,
848,AMOS,PERRO,MACHO,44169,A,44199,BIEN ,
849,BOWIE,PERRO,MACHO,44170,NA,44200,MUY MAL,
850,ANDRE,PERRO,MACHO,44171,NA,44201,MY BIEN ,
851,BRADFORD,PERRO,HEMBRA,44172,NA,44202,MAL,
852,ARISTEO,GATO,MACHO,44173,NA,44203,BIEN ,
853,BRADLEY,PERRO,MACHO,44174,A,44204,BIEN ,
854,ALM,PERRO,HEMBRA,44175,A,44205,MAL ,
855,BRADY,GATO,MACHO,44176,A,44206,MUY BIEN ,
856,MATI,PERRO,HEMBRA,44177,A,44207,MUY BIEN ,
857,BRAXON,GATO,MACHO,44178,A,44208,MUY BIEN ,
858,CHARLIE,GATO,MACHO,44179,A,44209,MUY MAL,
859,BROCK,PERRO,HEMBRA,44180,NA,44210,MUY MAL,
860,CHOCHO,GATO ,HEMBRA,44181,NA,44211,MAL,
861,BRIHAN,GATO,MACHO,44182,NA,44212,MAL,
862,LUCAS,PERRO,MACHO,44183,A,44213,BIEN,
863,BALU,GATO,MACHO,44184,A,44214,BIEN,
864,SANTI,PERRO,HEMBRA ,44185,NA,44215,BIEN,
865,BROWNIE,PERRO,MACHO,44186,NA,44216,BIEN ,
866,BETO,GATO,MACHO,44187,A,44217,MUY MAL,
867,BRUCE,PERRO,MACHO,44188,A,44218,BIEN,
868,XIMO,PERRO,HEMBRA,44189,A,44219,MAL,
869,BRUTUS,GATO,HEMBRA,44190,A,44220,MUY MAL,
870,BORJA,GATO,MACHO,44191,A,44221,MUY BIEN,
871,BRYCE,PERRO,HEMBRA,44192,A,44222,MAL,
872,ANDY,GATO,MACHO,44193,NA,44223,BIEN,
873,BUBA,PERRO,HEMBRA,44194,NA,44224,BIEN ,
874,ARISTEO,GATO,MACHO,44195,A,44225,MUY BIEN ,
875,ARIS ,GATO,MACHO,44196,NA,44226,MUY BIEN ,
876,BUCCKY,GATO,HEMBRA,44197,NA,44227,MUY MAL,
877,ANDREO,PERRO,MACHO,44198,A,44228,MAL ,
878,AGUSTINO,PERRO,HEMBRA,44199,A,44229,MAL ,
879,ARTURO,GATO,MACHO,44200,NA,44230,BIEN ,
880,ADREI,PERRO,MACHO,44201,A,44231,BIEN ,
881,ARCHIE,GATO,HEMBRA,44202,NA,44232,MAL,
882,RODOLFO,PERRO,MACHO,44203,A,44233,MAL,
883,PEPE,PERRO,HEMBRA,44204,A,44234,BIEN ,
884,IMANOL,PERRO,HEMBRA,44205,NA,44235,BIEN ,
885,ALMO,GATO,HEMBRA,44206,A,44236,BIEN ,
886,ABEL,GATO,MACHO,44207,NA,44237,BIEN ,
887,ROMEO,PERRO,MACHO,44208,NA,44238,MAL,
888,ANDREU,GATO,MACHO,44209,A,44239,MAL,
889,FELI ,GATO,MACHO,44210,A,44240,MAL,
890,TRITAN,PERRO,MACHO,44211,A,44241,MUY BIEN ,
891,ISAAC,GATO,HEMBRA,44212,NA,44242,BIEN ,
892,MARCO,PERRO,MACHO,44213,A,44243,BIEN ,
893,DEAN,GATO,MACHO,44214,NA,44244,BIEN ,
894,DIDAC,GATO ,HEMBRA,44215,NA,44245,MUY MAL,
895,DINO,GATO ,HEMBRA,44216,A,44246,MY BIEN ,
896,JULY,GATO,MACHO,44217,A,44247,MAL,
897,DIONISIO,GATO,MACHO,44218,A,44248,BIEN ,
898,ASIER,PERRO,MACHO,44219,NA,44249,BIEN ,
899,DOROTEO,PERRO,MACHO,44220,NA,44250,MAL ,
900,OLIVER,PERRO,HEMBRA ,44221,A,44251,MUY BIEN ,
901,DAMIAN,PERRO,HEMBRA,44222,A,44252,MUY BIEN ,
902,LUCO,PERRO,HEMBRA,44223,A,44253,MUY BIEN ,
903,NICO,GATO,MACHO,44224,A,44254,MUY MAL,
904,GUNNAR,PERRO,HEMBRA,44225,A,44255,MUY MAL,
905,NESTOR,PERRO,MACHO,44226,A,44256,MAL,
906,LUCKY,GATO,MACHO,44227,A,44257,MAL,
907,GABRIEL,PERRO,HEMBRA,44228,NA,44258,BIEN,
908,SOLO,GATO,MACHO,44229,NA,44259,BIEN,
909,LORCA,GATO,MACHO,44230,A,44260,BIEN,
910,SATO,PERRO,MACHO,44231,A,44261,MY BIEN ,
911,HARLEY,GATO ,HEMBRA,44232,A,44262,MAL,
912,GODJA,GATO,MACHO,44233,A,44263,BIEN ,
913,BARTOLO,PERRO,MACHO,44234,A,44264,BIEN ,
914,AUSTIN,GATO,HEMBRA,44235,A,44265,MAL ,
915,AHARÓN,PERRO,MACHO,44236,NA,44266,MUY BIEN ,
916,AXEL,PERRO,HEMBRA,44237,NA,44267,MUY BIEN ,
917,ABEL,GATO,MACHO,44238,NA,44268,BIEN,
918,BAILEY,PERRO,MACHO,44239,A,44269,MUY BIEN,
919,ABELARDO,PERRO,HEMBRA,44240,NA,44270,MAL,
920,BRANDY ,GATO,HEMBRA,44241,NA,44271,BIEN,
921,ABIGAL,GATO,MACHO,44242,NA,44272,MAL,
922,MAX,PERRO,MACHO,44243,NA,44273,BIEN,
923,ABRAHAM,GATO,MACHO,44244,A,44274,MUY MAL,
924,COOPER,PERRO,HEMBRA ,44245,A,44275,MAL,
925,ABSALON,GATO,MACHO,44246,A,44276,MUY BIEN,
926,LINDO,GATO,MACHO,44247,A,44277,BIEN,
927,ADALBERTO,GATO,MACHO,44248,A,44278,MAL,
928,LILO,PERRO,HEMBRA,44249,A,44279,MAL,
929,ADINO,PERRO,HEMBRA,44250,A,44280,MAL,
930,BRUDDY,GATO,MACHO,44251,NA,44281,BIEN,
931,ADELARDO,PERRO,HEMBRA,44252,NA,44282,MAL,
932,AMI,GATO,MACHO,44253,NA,44283,MUY BIEN,
933,ADULFO,PERRO,HEMBRA,44254,NA,44284,MUY MAL,
934,ROCKY,PERRO,MACHO,44255,NA,44285,MAL,
935,ADOLFO,PERRO,MACHO,44256,NA,44286,MAL,
936,OSO,GATO,HEMBRA,44257,A,44287,BIEN,
937,ADONIS,GATO,MACHO,44258,A,44288,BIEN,
938,NEAR,PERRO,HEMBRA,44259,A,44289,MAL ,
939,ADRIAN,GATO,MACHO,44260,A,44290,MAL,
940,BEAR,GATO,MACHO,44261,A,44291,MAL,
941,JACK,PERRO,HEMBRA,44262,A,44292,BIEN,
942,ADRIANO,GATO,MACHO,44263,NA,44293,MUY MAL,
943,OLIVER,PERRO,HEMBRA,44264,NA,44294,MAL,
944,AGAMENON,GATO,HEMBRA,44265,A,44295,MAL,
945,BOCHITO ,GATO ,HEMBRA,44266,A,44296,MAL,
946,BUTCH ,GATO ,MACHO,44267,A,44297,MUY BIEN ,
947,TEDDY,GATO,MACHO,44268,NA,44298,MAL ,
948,BUZZ,GATO,MACHO,44269,A,44299,MAL,
949,BOOMER,PERRO,MACHO,44270,NA,44300,MAL,
950,BYRON,PERRO,MACHO,44271,A,44301,MAL,
951,LEO,PERRO,HEMBRA,44272,NA,44302,MAL,
952,CANDENCE,PERRO,MACHO,44273,NA,44303,MUY BIEN ,
953,NACHI,PERRO,MACHO,44274,NA,44304,MUY MAL,
954,CESAR,GATO,HEMBRA,44275,A,44305,BIEN,
955,NACHO,PERRO,HEMBRA,44276,A,44306,BIEN,
956,CAIN ,PERRO,MACHO,44277,A,44307,MAL,
957,SAMY,GATO,MACHO,44278,A,44308,MUY MAL,
958,CHEER,PERRO,MACHO,44279,A,44309,MUY BIEN,
959,JOSEBA,GATO,MACHO,44280,NA,44310,MAL,
960,CHESTER,GATO,HEMBRA ,44281,A,44311,MAL,
961,CAYO,PERRO,HEMBRA,44282,A,44312,BIEN,
962,CASH,GATO ,HEMBRA,44283,NA,44313,BIEN,
963,CAYITO,GATO,MACHO,44284,NA,44314,BIEN ,
964,CASPER,PERRO,HEMBRA,44285,A,44315,MUY BIEN ,
965,CAYETANO,GATO,MACHO,44286,A,44316,MUY MAL,
966,HANERY,PERRO,MACHO,44287,NA,44317,MAL,
967,FIDEL,PERRO,HEMBRA,44288,NA,44318,MAL,
968,KODA,GATO,MACHO,44289,A,44319,BIEN,
969,ANTON,PERRO,MACHO,44290,A,44320,MUY MAL,
970,KJACKSON,PERRO,MACHO,44291,A,44321,BIEN ,
971,GOYO,GATO,HEMBRA,44292,NA,44322,MAL,
972,RILEY,GATO,MACHO,44293,NA,44323,MAL,
973,GOYITO,PERRO,MACHO,44294,NA,44324,MUY BIEN ,
974,ACE,GATO,HEMBRA,44295,A,44325,MUY MAL,
975,BARKLEY,PERRO,MACHO,44296,A,44326,MUY MAL,
976,BARNIE,GATO,HEMBRA,44297,A,44327,MAL,
977,CHEWWY,GATO,MACHO,44298,A,44328,MAL,
978,BARON ,GATO,MACHO,44299,NA,44329,BIEN,
979,BANDIT,PERRO,HEMBRA,44300,NA,44330,BIEN,
980,BARRY,PERRO,HEMBRA,44301,NA,44331,BIEN,
981,BAXTER,GATO,MACHO,44302,NA,44332,BIEN ,
982,SCOUT,PERRO,MACHO,44303,A,44333,MUY MAL,
983,CHECO,GATO,MACHO,44304,A,44334,BIEN,
984,BASIL,PERRO,HEMBRA ,44305,A,44335,MAL,
985,JONATHAN,PERRO,MACHO,44306,NA,44336,MUY MAL,
986,RAUL,PERRO,MACHO,44307,NA,44337,MUY BIEN,
987,BEAN,GATO,MACHO,44308,NA,44338,MAL,
988,BENNY,GATO,HEMBRA,44309,NA,44339,BIEN,
989,KARIM,PERRO,HEMBRA,44310,NA,44340,BIEN ,
990,BENSON ,GATO,MACHO,44311,A,44341,MUY BIEN ,
991,BARULIO,GATO,HEMBRA,44312,A,44342,MUY BIEN ,
992,BRAULIO,PERRO,MACHO,44313,NA,44343,MUY MAL,
993,BENTLEY,GATO,HEMBRA,44314,NA,44344,MAL ,
994,GERARD,PERRO,MACHO,44315,A,44345,MAL ,
995,BERNARD,GATO,MACHO,44316,A,44346,BIEN ,
996,HERNAN,GATO ,HEMBRA,44317,NA,44347,BIEN ,
997,BILLY,GATO ,MACHO,44318,NA,44348,MAL,
998,CHENTE,GATO,HEMBRA,44319,NA,44349,MAL,
999,BEN,GATO,MACHO,44320,A,44350,BIEN ,
1000,JAIRO,PERRO,MACHO,44321,A,44351,BIEN ,
